Workbook

Sheet Orçamento
A1: Qtde. de Manuais | B1: Tamanho (cm) | C1: Qtd. por A4 | D1: Qtd. Impressões (quadradinhos) | E1: Qtd. Folhas A4 | F1: Tipo de Papel | G1: R$ da impressão | H1: Só Furo? | I1: R$ do furo | J1: Qtd. variações de arte | K1: R$ das variações de arte | L1: Valor Final (R$) | M1: Texto para WhatsApp
A2: 20 | B2: 10x15 | C2: =IFERROR(INT(20/LEFT(B2,FIND("x",B2)-1)) * INT(28.7/MID(B2,FIND("x",B2)+1,LEN(B2))), "") -> 2 | D2: 102 | E2: =IF(AND(D2<>"",C2<>""),ROUNDUP(D2/C2,0)+2,"") -> 53 | F2: Couche 250g | G2: =VLOOKUP(F2,'Lista Suspensa'!A:B,2,0) *E2 -> 225.25 | H2: Furo e Ilhós | I2: =IF(H2="Sem furo","Sem furo",IF(H2="Somente furo",E2*2.5,IF(H2="Furo e ilhós",E2*2.5 +A2*3,""))) -> 192.5 | J2: 28 | K2: =IF(J2<=30, J2*5, J2*3) -> 140 | L2: =G2+I2+K2 -> 557.75 | M2: =TEXT(A2,"0") & " manuais | " & TEXT(D2,"0") & " impressões | " & B2 & "cm | " & F2 & " | " & H2 & " | 4x0 (Colorido e somente frente) | Refile | Artes variáveis - R$" & TEXT(L2,"0,00") -> 20 manuais | 102 impressões | 10x15cm | Couche 250g | Furo e Ilhós | 4x0 (Colorido e somente frente) | Refile | Artes variáveis - R$557,75
A3: 20 | B3: 9,5x9,5 | C3: =IFERROR(INT(20/LEFT(B3,FIND("x",B3)-1)) * INT(28.7/MID(B3,FIND("x",B3)+1,LEN(B3))), "") -> 6 | D3: 90 | E3: =IF(AND(D3<>"",C3<>""),ROUNDUP(D3/C3,0)+2,"") -> 17 | F3: Papel Linho 180g | G3: =VLOOKUP(F3,'Lista Suspensa'!A:B,2,0) *E3 -> 59.5 | H3: Furo e Ilhós | I3: =IF(H3="Sem furo","Sem furo",IF(H3="Somente furo",E3*2.5,IF(H3="Furo e ilhós",E3*2.5 +A3*3,""))) -> 102.5 | J3: 6 | K3: =J3*5 -> 30 | L3: =G3+I3+K3 -> 192 | M3: =TEXT(A3,"0") & " manuais | " & TEXT(D3,"0") & " impressões | " & B3 & "cm | " & F3 & " | " & H3 & " | 4x0 (Colorido e somente frente) | Refile | Artes variáveis - R$" & TEXT(L3,"0,00") -> 20 manuais | 90 impressões | 9,5x9,5cm | Papel Linho 180g | Furo e Ilhós | 4x0 (Colorido e somente frente) | Refile | Artes variáveis - R$192,00
A4: 20 | B4: 9,5x9,5 | C4: =IFERROR(INT(20/LEFT(B4,FIND("x",B4)-1)) * INT(28.7/MID(B4,FIND("x",B4)+1,LEN(B4))), "") -> 6 | D4: 90 | E4: =IF(AND(D4<>"",C4<>""),ROUNDUP(D4/C4,0)+2,"") -> 17 | F4: Papel Perolizado 180g | G4: =VLOOKUP(F4,'Lista Suspensa'!A:B,2,0) *E4 -> 110.5 | H4: Furo e Ilhós | I4: =IF(H4="Sem furo","Sem furo",IF(H4="Somente furo",E4*2.5,IF(H4="Furo e ilhós",E4*2.5 +A4*3,""))) -> 102.5 | J4: 6 | K4: =J4*5 -> 30 | L4: =G4+I4+K4 -> 243 | M4: =TEXT(A4,"0") & " manuais | " & TEXT(D4,"0") & " impressões | " & B4 & "cm | " & F4 & " | " & H4 & " | 4x0 (Colorido e somente frente) | Refile | Artes variáveis - R$" & TEXT(L4,"0,00") -> 20 manuais | 90 impressões | 9,5x9,5cm | Papel Perolizado 180g | Furo e Ilhós | 4x0 (Colorido e somente frente) | Refile | Artes variáveis - R$243,00
C5: =IFERROR(INT(20/LEFT(B5,FIND("x",B5)-1)) * INT(28.7/MID(B5,FIND("x",B5)+1,LEN(B5))), "") | E5: =IF(AND(D5<>"",C5<>""),ROUNDUP(D5/C5,0)+2,"") | G5: =VLOOKUP(F5,'Lista Suspensa'!A:B,2,0) *E5 -> #N/A | I5: =IF(H5="Sem furo","Sem furo",IF(H5="Somente furo",E5*2.5,IF(H5="Furo e ilhós",E5*2.5 +A5*3,""))) | K5: =J5*5 -> 0 | L5: =G5+I5+K5 -> #N/A
C6: =IFERROR(INT(20/LEFT(B6,FIND("x",B6)-1)) * INT(28.7/MID(B6,FIND("x",B6)+1,LEN(B6))), "") | E6: =IF(AND(D6<>"",C6<>""),ROUNDUP(D6/C6,0)+2,"") | G6: =VLOOKUP(F6,'Lista Suspensa'!A:B,2,0) *E6 -> #N/A | I6: =IF(H6="Sem furo","Sem furo",IF(H6="Somente furo",E6*2.5,IF(H6="Furo e ilhós",E6*2.5 +A6*3,""))) | K6: =J6*5 -> 0 | L6: =G6+I6+K6 -> #N/A
C7: =IFERROR(INT(20/LEFT(B7,FIND("x",B7)-1)) * INT(28.7/MID(B7,FIND("x",B7)+1,LEN(B7))), "") | E7: =IF(AND(D7<>"",C7<>""),ROUNDUP(D7/C7,0)+2,"") | G7: =VLOOKUP(F7,'Lista Suspensa'!A:B,2,0) *E7 -> #N/A | I7: =IF(H7="Sem furo","Sem furo",IF(H7="Somente furo",E7*2.5,IF(H7="Furo e ilhós",E7*2.5 +A7*3,""))) | K7: =J7*5 -> 0 | L7: =G7+I7+K7 -> #N/A
C8: =IFERROR(INT(20/LEFT(B8,FIND("x",B8)-1)) * INT(28.7/MID(B8,FIND("x",B8)+1,LEN(B8))), "") | E8: =IF(AND(D8<>"",C8<>""),ROUNDUP(D8/C8,0)+2,"") | G8: =VLOOKUP(F8,'Lista Suspensa'!A:B,2,0) *E8 -> #N/A | I8: =IF(H8="Sem furo","Sem furo",IF(H8="Somente furo",E8*2.5,IF(H8="Furo e ilhós",E8*2.5 +A8*3,""))) | K8: =J8*5 -> 0 | L8: =G8+I8+K8 -> #N/A
C9: =IFERROR(INT(20/LEFT(B9,FIND("x",B9)-1)) * INT(28.7/MID(B9,FIND("x",B9)+1,LEN(B9))), "") | E9: =IF(AND(D9<>"",C9<>""),ROUNDUP(D9/C9,0)+2,"") | G9: =VLOOKUP(F9,'Lista Suspensa'!A:B,2,0) *E9 -> #N/A | I9: =IF(H9="Sem furo","Sem furo",IF(H9="Somente furo",E9*2.5,IF(H9="Furo e ilhós",E9*2.5 +A9*3,""))) | K9: =J9*5 -> 0 | L9: =G9+I9+K9 -> #N/A
C10: =IFERROR(INT(20/LEFT(B10,FIND("x",B10)-1)) * INT(28.7/MID(B10,FIND("x",B10)+1,LEN(B10))), "") | E10: =IF(AND(D10<>"",C10<>""),ROUNDUP(D10/C10,0)+2,"") | G10: =VLOOKUP(F10,'Lista Suspensa'!A:B,2,0) *E10 -> #N/A | I10: =IF(H10="Sem furo","Sem furo",IF(H10="Somente furo",E10*2.5,IF(H10="Furo e ilhós",E10*2.5 +A10*3,""))) | K10: =J10*5 -> 0 | L10: =G10+I10+K10 -> #N/A

Sheet Lista Suspensa
A1: Couche 170g | B1: 3.75 | E1: Com furo
A2: Couche 250g | B2: 4.25 | E2: Furo e Ilhós
A3: Offset 180g | B3: 2.75 | E3: Sem furo
A4: Offset 240g | B4: 3
A5: Papel Perolizado 180g | B5: 6.5
A6: Papel Linho 180g | B6: 3.5
